{"cameraMode":{"drawMode":0,"name":"Shaded","section":"Shading Mode"},"sceneLighting":true,"audioPlay":false,"sceneViewState":{"showFog":true,"showMaterialUpdate":false,"showSkybox":true,"showFlares":true,"showImageEffects":true,"showParticleSystems":true},"in2DMode":false,"pivot":{"x":3.3896656036376955,"y":1.7846808433532715,"z":-0.0361480712890625},"rotation":{"x":0.24822643399238587,"y":-0.501627504825592,"z":0.15285973250865937,"w":0.8145004510879517},"size":8.091731071472168,"orthographic":false}