{"cameraMode":{"drawMode":0,"name":"Shaded","section":"Shading Mode"},"sceneLighting":true,"audioPlay":false,"sceneViewState":{"showFog":true,"showMaterialUpdate":false,"showSkybox":true,"showFlares":true,"showImageEffects":true,"showParticleSystems":true},"in2DMode":false,"pivot":{"x":6.5649824142456059,"y":6.328512191772461,"z":-11.17718505859375},"rotation":{"x":-0.15273718535900117,"y":-0.2667695879936218,"z":0.04286467283964157,"w":-0.9506258964538574},"size":40.57794952392578,"orthographic":false}