{"cameraMode":{"drawMode":0,"name":"Shaded","section":"Shading Mode"},"sceneLighting":true,"audioPlay":false,"sceneViewState":{"showFog":true,"showMaterialUpdate":false,"showSkybox":true,"showFlares":true,"showImageEffects":true,"showParticleSystems":true},"in2DMode":false,"pivot":{"x":5.779941558837891,"y":0.6190824508666992,"z":5.552734375},"rotation":{"x":-0.14481113851070405,"y":-0.8546744585037231,"z":0.36823517084121706,"w":-0.3361397385597229},"size":37.088111877441409,"orthographic":false}