{"cameraMode":{"drawMode":0,"name":"Shaded","section":"Shading Mode"},"sceneLighting":true,"audioPlay":false,"sceneViewState":{"showFog":true,"showMaterialUpdate":false,"showSkybox":true,"showFlares":true,"showImageEffects":true,"showParticleSystems":true},"in2DMode":false,"pivot":{"x":-0.735471785068512,"y":3.152174472808838,"z":-1.106187343597412},"rotation":{"x":-0.02299695834517479,"y":-0.23909854888916017,"z":-0.0056830523535609249,"w":0.9707179069519043},"size":3.0598902702331545,"orthographic":false}