{"cameraMode":{"drawMode":0,"name":"Shaded","section":"Shading Mode"},"sceneLighting":true,"audioPlay":false,"sceneViewState":{"showFog":true,"showMaterialUpdate":false,"showSkybox":true,"showFlares":true,"showImageEffects":true,"showParticleSystems":true},"in2DMode":false,"pivot":{"x":-0.6503398418426514,"y":-7.518093109130859,"z":-4.99810791015625},"rotation":{"x":-0.002158748684450984,"y":-0.9711028933525086,"z":0.238580122590065,"w":-0.008988951332867146},"size":51.813140869140628,"orthographic":false}