{"cameraMode":{"drawMode":0,"name":"Shaded","section":"Shading Mode"},"sceneLighting":true,"audioPlay":false,"sceneViewState":{"showFog":true,"showMaterialUpdate":false,"showSkybox":true,"showFlares":true,"showImageEffects":true,"showParticleSystems":true},"in2DMode":false,"pivot":{"x":-4.1962409019470219,"y":0.6723308563232422,"z":-6.901643753051758},"rotation":{"x":-0.45139768719673159,"y":0.1567162722349167,"z":-0.08086937665939331,"w":-0.874729573726654},"size":34.28443145751953,"orthographic":false}