{"cameraMode":{"drawMode":0,"name":"Shaded","section":"Shading Mode"},"sceneLighting":true,"audioPlay":false,"sceneViewState":{"showFog":true,"showMaterialUpdate":false,"showSkybox":true,"showFlares":true,"showImageEffects":true,"showParticleSystems":true},"in2DMode":false,"pivot":{"x":1.7319443225860596,"y":-0.1428077220916748,"z":-4.755983352661133},"rotation":{"x":-0.08334572613239289,"y":-0.9164798855781555,"z":0.26793181896209719,"w":-0.2852671444416046},"size":4.559932231903076,"orthographic":false}