{"cameraMode":{"drawMode":0,"name":"Shaded","section":"Shading Mode"},"sceneLighting":true,"audioPlay":false,"sceneViewState":{"showFog":true,"showMaterialUpdate":false,"showSkybox":true,"showFlares":true,"showImageEffects":true,"showParticleSystems":true},"in2DMode":false,"pivot":{"x":-0.2946978807449341,"y":-0.8001389503479004,"z":-7.8097453117370609},"rotation":{"x":-0.0013512911973521114,"y":-0.9606808423995972,"z":0.2777126133441925,"w":-0.004545047879219055},"size":17.084243774414064,"orthographic":false}