{"cameraMode":{"drawMode":0,"name":"Shaded","section":"Shading Mode"},"sceneLighting":true,"audioPlay":false,"sceneViewState":{"showFog":true,"showMaterialUpdate":false,"showSkybox":true,"showFlares":true,"showImageEffects":true,"showParticleSystems":true},"in2DMode":false,"pivot":{"x":-14.434041976928711,"y":-10.296512603759766,"z":-2.7976326942443849},"rotation":{"x":0.2302299588918686,"y":-0.6335997581481934,"z":0.20562325417995454,"w":0.7094178199768066},"size":33.93388748168945,"orthographic":false}